name;price;url
Подвесной светильник Сансет Black;5990;https://www.divan.ru/product/podvesnoj-svetilnik-sanset-black
Торшер Билли Black;19 690;https://www.divan.ru/product/torsher-billi-black
Подвесной светильник Бабл-9;19 990;https://www.divan.ru/product/podvesnoj-svetilnik-babl-9
Торшер Бабл-1;6990;https://www.divan.ru/product/torsher-babl-1
Подвесной светильник Бабл-3;6990;https://www.divan.ru/product/podvesnoj-svetilnik-babl-3
Бра Бабл Black;1990;https://www.divan.ru/product/bra-babl-black
Настольная лампа Дэнди Black;3990;https://www.divan.ru/product/nastolnaya-lampa-dendi-black
Настольная лампа Дэнди White;3990;https://www.divan.ru/product/nastolnaya-lampa-dendi-white
Торшер Варио White;5990;https://www.divan.ru/product/torsher-vario-white
Бра Варио Black;1490;https://www.divan.ru/product/bra-vario-black
Бра Варио White;1490;https://www.divan.ru/product/bra-vario-white
Подвесной светильник Сансет White;5990;https://www.divan.ru/product/podvesnoj-svetilnik-sanset-white
Подвесной светильник Кэндел Black;3990;https://www.divan.ru/product/podvesnoj-svetilnik-kendel-black
Подвесной светильник Кэндел White;3990;https://www.divan.ru/product/podvesnoj-svetilnik-kendel-white
Торшер Вена Black;11 990;https://www.divan.ru/product/torsher-vena-black
Настольная лампа Гровер Glass;5990;https://www.divan.ru/product/nastolnaya-lampa-grover-glass
Настольная лампа Рэй Black;3590;https://www.divan.ru/product/nastolnaya-lampa-rej-black
Торшер Рэй White;5590;https://www.divan.ru/product/torsher-rej-white
Торшер Мун Black;8990;https://www.divan.ru/product/torsher-mun-black
Торшер Варио Black;5990;https://www.divan.ru/product/torsher-vario-black
Настольная лампа Раффи Round;7190;https://www.divan.ru/product/nastolnaya-lampa-raffi-round
Торшер Гросс White;7990;https://www.divan.ru/product/torsher-gross-white
Бра Moderli Alina;3190;https://www.divan.ru/product/bra-moderli-alina
Подвесной светильник Маро Green;9990;https://www.divan.ru/product/podvesnoj-svetilnik-maro-green
Настольная лампа Рэй White;3590;https://www.divan.ru/product/nastolnaya-lampa-rej-white
Светильник потолочный Matthew;5690;https://www.divan.ru/product/svetilnik-potolochnyj-matthew
Спот Лайт-1 Black;2690;https://www.divan.ru/product/spot-lajt-1-black
Настольная лампа Junior-1;4390;https://www.divan.ru/product/nastolnaya-lampa-junior-1
Настольная лампа Сфера Black;5390;https://www.divan.ru/product/nastolnaya-lampa-sfera-black
Люстра Монти-3 White;11 490;https://www.divan.ru/product/lyustra-monti-3-white
Бра Galdakao-1;6590;https://www.divan.ru/product/bra-galdakao
Подвесной светильник Tureis;3890;https://www.divan.ru/product/podvesnoj-svetilnik-tureis
Люстра Монти-5 White;17 190;https://www.divan.ru/product/lyustra-monti-5-white
Подвесной светильник Лиму-3 Black;5590;https://www.divan.ru/product/podvesnoj-svetilnik-limu-3-black
Торшер Билли White;19 690;https://www.divan.ru/product/torsher-billi-white
Бра Cornus Silver;5590;https://www.divan.ru/product/bra-cornus-silver
Спот Олден Brown;1090;https://www.divan.ru/product/spot-olden-brown
Бра Куб White;2190;https://www.divan.ru/product/bra-kub-white
Подвесной светильник Volare;4590;https://www.divan.ru/product/podvesnoj-svetilnik-volare
Ландшафтный светильник Визор Black;4490;https://www.divan.ru/product/landshaftnyj-svetilnik-vizor-black
Бра Bolla-Unica;5290;https://www.divan.ru/product/bra-bolla-unica
Люстра Леон-5 Black;11 290;https://www.divan.ru/product/lyustra-leon-5-black
Настольная лампа Мист Black;5590;https://www.divan.ru/product/nastolnaya-lampa-mist-black
Настольная лампа Palla Grey;13 590;https://www.divan.ru/product/nastolnaya-lampa-palla-grey
Люстра Нейва-4 Black;6790;https://www.divan.ru/product/lyustra-nejva-4-black
Люстра Альби-6 Black;4690;https://www.divan.ru/product/lyustra-albi-6-black
Бра Лима Black;2390;https://www.divan.ru/product/bra-lima-black
Бра Техно Стрикт-2 Black;2290;https://www.divan.ru/product/bra-tehno-strikt-2-black
name;price;url
Диван Льери Мини Velvet Light;64 990;https://www.divan.ru/product/divan-leri-mini-velvet-light
Диван Нумо Velvet Yellow;37 990;https://www.divan.ru/product/divan-numo-velvet-yellow
Диван Тут Рядом Дом Серо-графитовый;72 990;https://www.divan.ru/product/divan-tut-ryadom-dom-sero-grafitovyj
Диван угловой Эби-1 Velvet Coral;72 990;https://www.divan.ru/product/divan-uglovoj-ebi-1-velvet-coral
Диван Бонент Velvet Eclipse;76 990;https://www.divan.ru/product/divan-bonent-velvet-eclipse
Диван Нумо Мини Textile Yellow;24 990;https://www.divan.ru/product/divan-numo-mini-textile-yellow
Диван Тут Рядом Космос Светло-Бежевый;109 990;https://www.divan.ru/product/divan-tut-ryadom-kosmos-svetlo-bejevyj
Диван Линс Velvet Navy Blue;34 990;https://www.divan.ru/product/divan-lins-velvet-navy-blue
Кресло Тут Рядом Дом Сине-бежевый;50 990;https://www.divan.ru/product/kreslo-tut-ryadom-dom-sine-bejevyj
Диван угловой Эдвин Velvet Smoke;74 990;https://www.divan.ru/product/divan-uglovoj-edvin-velvet-smoke
Диван Бруквиль Velvet Blue;49 990;https://www.divan.ru/product/divan-brukvil-velvet-blue
Диван Байма Velvet Grey;69 990;https://www.divan.ru/product/divan-bajma-velvet-grey
Диван Спейс Velvet Beige;64 990;https://www.divan.ru/product/divan-spejs-velvet-beige
Диван угловой Беллер Textile Yellow;39 990;https://www.divan.ru/product/divan-uglovoj-beller-textile-yellow
Кресло Бенел Cozy Ivory;34 990;https://www.divan.ru/product/kreslo-benel-cozy-ivory
Диван Нумо Velvet Grafit;37 990;https://www.divan.ru/product/divan-numo-velvet-grafit
Кресло-кровать Маре Мини Velvet Grafit;21 990;https://www.divan.ru/product/kreslo-krovat-mare-mini-velvet-grafit
Диван Клаймар Velvet Beige;56 990;https://www.divan.ru/product/divan-klajmar-velvet-beige
Пуф Тут Рядом Дом Серо-графитовый;15 990;https://www.divan.ru/product/puf-tut-ryadom-dom-sero-grafitovyj
Диван Марей Soft Grey;89 990;https://www.divan.ru/product/divan-marej-soft-grey
Диван Сваут Velvet Grey;64 990;https://www.divan.ru/product/divan-svaut-velvet-grey
Диван Линс Velvet Grafit;34 990;https://www.divan.ru/product/divan-lins-velvet-grafit
Диван угловой Аронт Мини Velvet Pink;58 990;https://www.divan.ru/product/divan-uglovoj-aront-mini-velvet-pink
Диван Рейли Velvet Coral;36 990;https://www.divan.ru/product/divan-rejli-velvet-coral
Диван угловой Вайвел Barhat Forest;89 990;https://www.divan.ru/product/divan-uglovoj-vajvel-barhat-forest
Диван Бруквиль Velvet Smoke;49 990;https://www.divan.ru/product/divan-brukvil-velvet-smoke
Диван Коренс Happy Grey;30 990;https://www.divan.ru/product/divan-korens-happy-grey
Диван угловой Шера Velvet Light;102 990;https://www.divan.ru/product/divan-uglovoj-shera-velve-light
Диван Види Textile Ocean;25 990;https://www.divan.ru/product/divan-vidi-textile-ocean
Пуф Тут Рядом Дом Зеленый;15 990;https://www.divan.ru/product/puf-tut-ryadom-dom-zelenyj
Кресло Пайл Barhat Beige;23 990;https://www.divan.ru/product/kreslo-pajl-barhat-beige
Модульный диван Brera-2 Velour Mix;105 980;https://www.divan.ru/product/modulnyj-divan-brera-2-velour-mix
Кресло Гета Soft Silver;34 990;https://www.divan.ru/product/kreslo-geta-soft-silver
Диван угловой Нумо Velvet Yellow;47 990;https://www.divan.ru/product/divan-uglovoj-numo-velvet-yellow
Модульный диван Нолан-B 3 Soft Jungle;114 970;https://www.divan.ru/product/modulnyj-divan-nolan-b-3-soft-jungle
Диван Тут Рядом Дом Сине-бежевый;72 990;https://www.divan.ru/product/divan-tut-ryadom-dom-sine-bejevyj
Кресло Элвит Cozy Ivory;29 990;https://www.divan.ru/product/kreslo-elvit-cozy-ivory
Диван Сваут Velvet Mustard;64 990;https://www.divan.ru/product/divan-svaut-velvet-mustard
Кресло Рибс Velvet Beige;29 990;https://www.divan.ru/product/kreslo-ribs-velvet-beige
Пуф Кропс Bucle Smoky;8990;https://www.divan.ru/product/puf-krops-bucle-smoky
Пуф Лонди Cozy Beige;11 990;https://www.divan.ru/product/puf-londi-cozy-beige
Диван Мисл Barhat Mint;74 990;https://www.divan.ru/product/divan-misl-barhat-mint
Диван угловой Мейлон Velvet Eclipse;49 990;https://www.divan.ru/product/divan-uglovoj-mejlon-velvet-eclipse
Кресло Тут Рядом Дом Розовый;50 990;https://www.divan.ru/product/kreslo-tut-ryadom-dom-rozovyj
Диван Нумо Мини Textile Light;24 990;https://www.divan.ru/product/divan-numo-mini-textile-light
Диван угловой Бонент Velvet Grey;89 990;https://www.divan.ru/product/divan-uglovoj-bonent-velvet-grey
Диван Рейли Velvet Mint;36 990;https://www.divan.ru/product/divan-rejli-velvet-mint
Диван Риббл-2 Bucle Lilac;68 990;https://www.divan.ru/product/divan-ribbl-2-bucle-lilac
name;price;url
Диван Льери Мини Velvet Light;64 990;https://www.divan.ru/product/divan-leri-mini-velvet-light
Диван Нумо Velvet Yellow;37 990;https://www.divan.ru/product/divan-numo-velvet-yellow
Диван Тут Рядом Дом Серо-графитовый;72 990;https://www.divan.ru/product/divan-tut-ryadom-dom-sero-grafitovyj
Диван угловой Эби-1 Velvet Coral;72 990;https://www.divan.ru/product/divan-uglovoj-ebi-1-velvet-coral
Диван Бонент Velvet Eclipse;76 990;https://www.divan.ru/product/divan-bonent-velvet-eclipse
Диван Нумо Мини Textile Yellow;24 990;https://www.divan.ru/product/divan-numo-mini-textile-yellow
Диван Тут Рядом Космос Светло-Бежевый;109 990;https://www.divan.ru/product/divan-tut-ryadom-kosmos-svetlo-bejevyj
Диван Линс Velvet Navy Blue;34 990;https://www.divan.ru/product/divan-lins-velvet-navy-blue
Кресло Тут Рядом Дом Сине-бежевый;50 990;https://www.divan.ru/product/kreslo-tut-ryadom-dom-sine-bejevyj
Диван угловой Эдвин Velvet Smoke;74 990;https://www.divan.ru/product/divan-uglovoj-edvin-velvet-smoke
Диван Бруквиль Velvet Blue;49 990;https://www.divan.ru/product/divan-brukvil-velvet-blue
Диван Байма Velvet Grey;69 990;https://www.divan.ru/product/divan-bajma-velvet-grey
Диван Спейс Velvet Beige;64 990;https://www.divan.ru/product/divan-spejs-velvet-beige
Диван угловой Беллер Textile Yellow;39 990;https://www.divan.ru/product/divan-uglovoj-beller-textile-yellow
Кресло Бенел Cozy Ivory;34 990;https://www.divan.ru/product/kreslo-benel-cozy-ivory
Диван Нумо Velvet Grafit;37 990;https://www.divan.ru/product/divan-numo-velvet-grafit
Кресло-кровать Маре Мини Velvet Grafit;21 990;https://www.divan.ru/product/kreslo-krovat-mare-mini-velvet-grafit
Диван Клаймар Velvet Beige;56 990;https://www.divan.ru/product/divan-klajmar-velvet-beige
Пуф Тут Рядом Дом Серо-графитовый;15 990;https://www.divan.ru/product/puf-tut-ryadom-dom-sero-grafitovyj
Диван Марей Soft Grey;89 990;https://www.divan.ru/product/divan-marej-soft-grey
Диван Сваут Velvet Grey;64 990;https://www.divan.ru/product/divan-svaut-velvet-grey
Диван Линс Velvet Grafit;34 990;https://www.divan.ru/product/divan-lins-velvet-grafit
Диван угловой Аронт Мини Velvet Pink;58 990;https://www.divan.ru/product/divan-uglovoj-aront-mini-velvet-pink
Диван Рейли Velvet Coral;36 990;https://www.divan.ru/product/divan-rejli-velvet-coral
Диван угловой Вайвел Barhat Forest;89 990;https://www.divan.ru/product/divan-uglovoj-vajvel-barhat-forest
Диван Бруквиль Velvet Smoke;49 990;https://www.divan.ru/product/divan-brukvil-velvet-smoke
Диван Коренс Happy Grey;30 990;https://www.divan.ru/product/divan-korens-happy-grey
Диван угловой Шера Velvet Light;102 990;https://www.divan.ru/product/divan-uglovoj-shera-velve-light
Диван Види Textile Ocean;25 990;https://www.divan.ru/product/divan-vidi-textile-ocean
Пуф Тут Рядом Дом Зеленый;15 990;https://www.divan.ru/product/puf-tut-ryadom-dom-zelenyj
Кресло Пайл Barhat Beige;23 990;https://www.divan.ru/product/kreslo-pajl-barhat-beige
Модульный диван Brera-2 Velour Mix;105 980;https://www.divan.ru/product/modulnyj-divan-brera-2-velour-mix
Кресло Гета Soft Silver;34 990;https://www.divan.ru/product/kreslo-geta-soft-silver
Диван угловой Нумо Velvet Yellow;47 990;https://www.divan.ru/product/divan-uglovoj-numo-velvet-yellow
Модульный диван Нолан-B 3 Soft Jungle;114 970;https://www.divan.ru/product/modulnyj-divan-nolan-b-3-soft-jungle
Диван Тут Рядом Дом Сине-бежевый;72 990;https://www.divan.ru/product/divan-tut-ryadom-dom-sine-bejevyj
Кресло Элвит Cozy Ivory;29 990;https://www.divan.ru/product/kreslo-elvit-cozy-ivory
Диван Сваут Velvet Mustard;64 990;https://www.divan.ru/product/divan-svaut-velvet-mustard
Кресло Рибс Velvet Beige;29 990;https://www.divan.ru/product/kreslo-ribs-velvet-beige
Пуф Кропс Bucle Smoky;8990;https://www.divan.ru/product/puf-krops-bucle-smoky
Пуф Лонди Cozy Beige;11 990;https://www.divan.ru/product/puf-londi-cozy-beige
Диван Мисл Barhat Mint;74 990;https://www.divan.ru/product/divan-misl-barhat-mint
Диван угловой Мейлон Velvet Eclipse;49 990;https://www.divan.ru/product/divan-uglovoj-mejlon-velvet-eclipse
Кресло Тут Рядом Дом Розовый;50 990;https://www.divan.ru/product/kreslo-tut-ryadom-dom-rozovyj
Диван Нумо Мини Textile Light;24 990;https://www.divan.ru/product/divan-numo-mini-textile-light
Диван угловой Бонент Velvet Grey;89 990;https://www.divan.ru/product/divan-uglovoj-bonent-velvet-grey
Диван Рейли Velvet Mint;36 990;https://www.divan.ru/product/divan-rejli-velvet-mint
Диван Риббл-2 Bucle Lilac;68 990;https://www.divan.ru/product/divan-ribbl-2-bucle-lilac
name;price;url
Диван Льери Мини Velvet Light;64 990;https://www.divan.ru/product/divan-leri-mini-velvet-light
Диван Нумо Velvet Yellow;37 990;https://www.divan.ru/product/divan-numo-velvet-yellow
Диван Тут Рядом Дом Серо-графитовый;72 990;https://www.divan.ru/product/divan-tut-ryadom-dom-sero-grafitovyj
Диван угловой Эби-1 Velvet Coral;72 990;https://www.divan.ru/product/divan-uglovoj-ebi-1-velvet-coral
Диван Бонент Velvet Eclipse;76 990;https://www.divan.ru/product/divan-bonent-velvet-eclipse
Диван Нумо Мини Textile Yellow;24 990;https://www.divan.ru/product/divan-numo-mini-textile-yellow
Диван Тут Рядом Космос Светло-Бежевый;109 990;https://www.divan.ru/product/divan-tut-ryadom-kosmos-svetlo-bejevyj
Диван Линс Velvet Navy Blue;34 990;https://www.divan.ru/product/divan-lins-velvet-navy-blue
Кресло Тут Рядом Дом Сине-бежевый;50 990;https://www.divan.ru/product/kreslo-tut-ryadom-dom-sine-bejevyj
Диван угловой Эдвин Velvet Smoke;74 990;https://www.divan.ru/product/divan-uglovoj-edvin-velvet-smoke
Диван Бруквиль Velvet Blue;49 990;https://www.divan.ru/product/divan-brukvil-velvet-blue
Диван Байма Velvet Grey;69 990;https://www.divan.ru/product/divan-bajma-velvet-grey
Диван Спейс Velvet Beige;64 990;https://www.divan.ru/product/divan-spejs-velvet-beige
Диван угловой Беллер Textile Yellow;39 990;https://www.divan.ru/product/divan-uglovoj-beller-textile-yellow
Кресло Бенел Cozy Ivory;34 990;https://www.divan.ru/product/kreslo-benel-cozy-ivory
Диван Нумо Velvet Grafit;37 990;https://www.divan.ru/product/divan-numo-velvet-grafit
Кресло-кровать Маре Мини Velvet Grafit;21 990;https://www.divan.ru/product/kreslo-krovat-mare-mini-velvet-grafit
Диван Клаймар Velvet Beige;56 990;https://www.divan.ru/product/divan-klajmar-velvet-beige
Пуф Тут Рядом Дом Серо-графитовый;15 990;https://www.divan.ru/product/puf-tut-ryadom-dom-sero-grafitovyj
Диван Марей Soft Grey;89 990;https://www.divan.ru/product/divan-marej-soft-grey
Диван Сваут Velvet Grey;64 990;https://www.divan.ru/product/divan-svaut-velvet-grey
Диван Линс Velvet Grafit;34 990;https://www.divan.ru/product/divan-lins-velvet-grafit
Диван угловой Аронт Мини Velvet Pink;58 990;https://www.divan.ru/product/divan-uglovoj-aront-mini-velvet-pink
Диван Рейли Velvet Coral;36 990;https://www.divan.ru/product/divan-rejli-velvet-coral
Диван угловой Вайвел Barhat Forest;89 990;https://www.divan.ru/product/divan-uglovoj-vajvel-barhat-forest
Диван Бруквиль Velvet Smoke;49 990;https://www.divan.ru/product/divan-brukvil-velvet-smoke
Диван Коренс Happy Grey;30 990;https://www.divan.ru/product/divan-korens-happy-grey
Диван угловой Шера Velvet Light;102 990;https://www.divan.ru/product/divan-uglovoj-shera-velve-light
Диван Види Textile Ocean;25 990;https://www.divan.ru/product/divan-vidi-textile-ocean
Пуф Тут Рядом Дом Зеленый;15 990;https://www.divan.ru/product/puf-tut-ryadom-dom-zelenyj
Кресло Пайл Barhat Beige;23 990;https://www.divan.ru/product/kreslo-pajl-barhat-beige
Модульный диван Brera-2 Velour Mix;105 980;https://www.divan.ru/product/modulnyj-divan-brera-2-velour-mix
Кресло Гета Soft Silver;34 990;https://www.divan.ru/product/kreslo-geta-soft-silver
Диван угловой Нумо Velvet Yellow;47 990;https://www.divan.ru/product/divan-uglovoj-numo-velvet-yellow
Модульный диван Нолан-B 3 Soft Jungle;114 970;https://www.divan.ru/product/modulnyj-divan-nolan-b-3-soft-jungle
Диван Тут Рядом Дом Сине-бежевый;72 990;https://www.divan.ru/product/divan-tut-ryadom-dom-sine-bejevyj
Кресло Элвит Cozy Ivory;29 990;https://www.divan.ru/product/kreslo-elvit-cozy-ivory
Диван Сваут Velvet Mustard;64 990;https://www.divan.ru/product/divan-svaut-velvet-mustard
Кресло Рибс Velvet Beige;29 990;https://www.divan.ru/product/kreslo-ribs-velvet-beige
Пуф Кропс Bucle Smoky;8990;https://www.divan.ru/product/puf-krops-bucle-smoky
Пуф Лонди Cozy Beige;11 990;https://www.divan.ru/product/puf-londi-cozy-beige
Диван Мисл Barhat Mint;74 990;https://www.divan.ru/product/divan-misl-barhat-mint
Диван угловой Мейлон Velvet Eclipse;49 990;https://www.divan.ru/product/divan-uglovoj-mejlon-velvet-eclipse
Кресло Тут Рядом Дом Розовый;50 990;https://www.divan.ru/product/kreslo-tut-ryadom-dom-rozovyj
Диван Нумо Мини Textile Light;24 990;https://www.divan.ru/product/divan-numo-mini-textile-light
Диван угловой Бонент Velvet Grey;89 990;https://www.divan.ru/product/divan-uglovoj-bonent-velvet-grey
Диван Рейли Velvet Mint;36 990;https://www.divan.ru/product/divan-rejli-velvet-mint
Диван Риббл-2 Bucle Lilac;68 990;https://www.divan.ru/product/divan-ribbl-2-bucle-lilac
